Descrição da Taxa;Dias Úteis;Dias Corridos;Preço/Taxa
DI x pré;1;1;13,90
DI x pré;2;4;13,82
DI x pré;3;5;13,79
DI x pré;4;6;13,77
DI x pré;5;7;13,77
DI x pré;6;8;13,76
DI x pré;8;12;13,75
DI x pré;10;14;13,75
DI x pré;11;15;13,75
DI x pré;12;18;13,75
DI x pré;13;19;13,75
DI x pré;14;20;13,74
DI x pré;15;21;13,74
DI x pré;22;33;13,72
DI x pré;23;34;13,71
DI x pré;24;35;13,71
DI x pré;25;36;13,71
DI x pré;26;39;13,71
DI x pré;27;40;13,71
DI x pré;28;41;13,70
DI x pré;33;48;13,70
DI x pré;34;49;13,70
DI x pré;35;50;13,70
DI x pré;36;54;13,69
DI x pré;40;60;13,68
DI x pré;45;67;13,66
DI x pré;46;68;13,65
DI x pré;47;69;13,65
DI x pré;48;70;13,65
DI x pré;52;77;13,64
DI x pré;54;81;13,63
DI x pré;55;82;13,63
DI x pré;61;90;13,62
DI x pré;65;96;13,61
DI x pré;66;97;13,61
DI x pré;67;98;13,61
DI x pré;68;99;13,60
DI x pré;73;109;13,60
DI x pré;74;110;13,59
DI x pré;75;111;13,59
DI x pré;77;116;13,59
DI x pré;81;120;13,58
DI x pré;86;127;13,57
DI x pré;87;130;13,57
DI x pré;89;132;13,57
DI x pré;90;133;13,57
DI x pré;96;141;13,56
DI x pré;97;144;13,56
DI x pré;102;153;13,55
DI x pré;104;155;13,55
DI x pré;105;158;13,55
DI x pré;106;159;13,55
DI x pré;107;160;13,55
DI x pré;112;167;13,55
DI x pré;113;168;13,55
DI x pré;114;169;13,55
DI x pré;115;172;13,55
DI x pré;121;180;13,55
DI x pré;125;186;13,55
DI x pré;129;190;13,55
DI x pré;130;193;13,55
DI x pré;134;200;13,55
DI x pré;136;202;13,55
DI x pré;137;203;13,55
DI x pré;142;210;13,56
DI x pré;146;216;13,56
DI x pré;148;218;13,56
DI x pré;155;230;13,56
DI x pré;156;231;13,56
DI x pré;157;232;13,56
DI x pré;158;235;13,56
DI x pré;163;242;13,56
DI x pré;168;249;13,56
DI x pré;171;252;13,56
DI x pré;177;263;13,56
DI x pré;178;264;13,56
DI x pré;182;270;13,56
DI x pré;189;279;13,57
DI x pré;191;281;13,57
DI x pré;198;292;13,58
DI x pré;199;293;13,58
DI x pré;200;294;13,58
DI x pré;204;300;13,58
DI x pré;210;308;13,59
DI x pré;220;322;13,59
DI x pré;222;326;13,59
DI x pré;226;330;13,59
DI x pré;231;337;13,59
DI x pré;232;340;13,59
DI x pré;234;342;13,60
DI x pré;242;354;13,60
DI x pré;244;356;13,60
DI x pré;247;361;13,60
DI x pré;253;370;13,61
DI x pré;258;377;13,61
DI x pré;265;386;13,62
DI x pré;267;390;13,62
DI x pré;272;398;13,62
DI x pré;284;414;13,61
DI x pré;285;417;13,61
DI x pré;287;420;13,62
DI x pré;294;432;13,62
DI x pré;305;447;13,62
DI x pré;308;452;13,62
DI x pré;315;461;13,63
DI x pré;319;467;13,63
DI x pré;326;476;13,63
DI x pré;328;480;13,63
DI x pré;338;494;13,64
DI x pré;348;508;13,65
DI x pré;350;510;13,65
DI x pré;359;523;13,66
DI x pré;360;524;13,66
DI x pré;370;540;13,67
DI x pré;378;552;13,67
DI x pré;391;571;13,68
DI x pré;398;580;13,69
DI x pré;409;600;13,70
DI x pré;418;613;13,71
DI x pré;431;630;13,72
DI x pré;440;643;13,72
DI x pré;444;650;13,73
DI x pré;452;662;13,73
DI x pré;472;690;13,75
DI x pré;483;705;13,76
DI x pré;484;706;13,77
DI x pré;494;720;13,77
DI x pré;496;722;13,78
DI x pré;508;741;13,79
DI x pré;515;750;13,79
DI x pré;516;753;13,79
DI x pré;535;781;13,81
DI x pré;537;783;13,81
DI x pré;546;798;13,81
DI x pré;553;810;13,82
DI x pré;556;813;13,82
DI x pré;569;832;13,83
DI x pré;574;840;13,83
DI x pré;576;845;13,83
DI x pré;595;872;13,85
DI x pré;606;889;13,86
DI x pré;613;900;13,86
DI x pré;635;930;13,88
DI x pré;637;935;13,88
DI x pré;656;960;13,90
DI x pré;667;978;13,91
DI x pré;676;991;13,92
DI x pré;696;1020;13,93
DI x pré;700;1026;13,93
DI x pré;718;1050;13,94
DI x pré;722;1056;13,94
DI x pré;732;1070;13,95
DI x pré;740;1082;13,95
DI x pré;759;1110;13,96
DI x pré;764;1117;13,96
DI x pré;780;1140;13,96
DI x pré;786;1148;13,96
DI x pré;795;1163;13,96
DI x pré;799;1170;13,96
DI x pré;805;1180;13,96
DI x pré;820;1201;13,97
DI x pré;825;1210;13,97
DI x pré;857;1254;13,98
DI x pré;886;1299;13,98
DI x pré;916;1343;13,99
DI x pré;948;1390;14,00
DI x pré;981;1435;14,01
DI x pré;984;1440;14,01
DI x pré;1005;1469;14,01
DI x pré;1014;1482;14,01
DI x pré;1047;1530;14,02
DI x pré;1068;1560;14,03
DI x pré;1077;1575;14,03
DI x pré;1109;1621;14,04
DI x pré;1129;1651;14,05
DI x pré;1138;1664;14,06
DI x pré;1167;1708;14,06
DI x pré;1179;1726;14,06
DI x pré;1190;1742;14,06
DI x pré;1199;1755;14,06
DI x pré;1232;1800;14,07
DI x pré;1243;1817;14,07
DI x pré;1255;1833;14,08
DI x pré;1265;1847;14,08
DI x pré;1298;1894;14,10
DI x pré;1307;1908;14,10
DI x pré;1319;1924;14,11
DI x pré;1329;1940;14,11
DI x pré;1358;1985;14,12
DI x pré;1421;2076;14,13
DI x pré;1480;2160;14,14
DI x pré;1485;2167;14,14
DI x pré;1547;2259;14,15
DI x pré;1581;2307;14,15
DI x pré;1612;2350;14,15
DI x pré;1672;2440;14,15
DI x pré;1729;2520;14,15
DI x pré;1736;2531;14,15
DI x pré;1799;2624;14,16
DI x pré;1832;2671;14,16
DI x pré;1864;2715;14,16
DI x pré;1922;2804;14,16
DI x pré;1976;2881;14,16
DI x pré;1987;2896;14,16
DI x pré;2050;2989;14,16
DI x pré;2080;3036;14,16
DI x pré;2110;3080;14,16
DI x pré;2171;3169;14,16
DI x pré;2221;3240;14,15
DI x pré;2236;3261;14,15
DI x pré;2299;3354;14,15
DI x pré;2329;3401;14,15
DI x pré;2361;3445;14,15
DI x pré;2420;3535;14,16
DI x pré;2466;3602;14,16
DI x pré;2485;3627;14,17
DI x pré;2551;3721;14,17
DI x pré;2582;3767;14,18
DI x pré;2613;3814;14,18
DI x pré;2672;3900;14,18
DI x pré;2713;3960;14,18
DI x pré;2737;3994;14,18
DI x pré;2799;4085;14,18
DI x pré;2831;4134;14,18
DI x pré;2861;4176;14,17
DI x pré;2922;4267;14,17
DI x pré;2960;4320;14,16
DI x pré;2986;4358;14,16
DI x pré;3048;4450;14,15
DI x pré;3082;4498;14,15
DI x pré;3113;4541;14,14
DI x pré;3173;4631;14,14
DI x pré;3207;4680;14,14
DI x pré;3237;4722;14,14
DI x pré;3300;4815;14,13
DI x pré;3333;4862;14,13
DI x pré;3363;4906;14,13
DI x pré;3425;4996;14,13
DI x pré;3456;5040;14,13
DI x pré;3490;5088;14,13
DI x pré;3553;5181;14,12
DI x pré;3583;5228;14,12
DI x pré;3615;5272;14,12
DI x pré;3674;5361;14,12
DI x pré;3701;5401;14,12
DI x pré;3739;5453;14,12
DI x pré;3805;5548;14,12
DI x pré;3828;5580;14,12
DI x pré;3867;5641;14,11
DI x pré;3925;5726;14,11
DI x pré;3990;5818;14,11
DI x pré;4056;5912;14,11
DI x pré;4116;6003;14,11
DI x pré;4177;6091;14,11
DI x pré;4242;6185;14,10
DI x pré;4304;6276;14,10
DI x pré;4366;6367;14,10
DI x pré;4427;6458;14,10
DI x pré;4491;6549;14,10
DI x pré;4554;6642;14,10
DI x pré;4619;6733;14,10
DI x pré;4677;6822;14,10
DI x pré;4742;6914;14,09
DI x pré;4865;7098;14,09
DI x pré;4934;7200;14,09
DI x pré;4991;7279;14,09
DI x pré;5116;7463;14,09
DI x pré;5240;7644;14,09
DI x pré;5368;7832;14,08
DI x pré;5492;8012;14,08
DI x pré;5616;8194;14,08
DI x pré;5741;8376;14,08
DI x pré;5868;8559;14,08
DI x pré;5992;8740;14,08
DI x pré;6169;9000;14,07
DI x pré;7181;10476;14,06
DI x pré;7405;10800;14,06
DI x pré;8498;12394;14,05
